Timestamp;IP Source;IP Destination;Port Destination;Flags;Length
11:42:04.766694;BP-Linux8.ssh;192.168.190.130;50019;P.;36
11:42:04.766744;BP-Linux8.ssh;192.168.190.130;50019;P.;36
11:42:06.669906;BP-Linux8.ssh;192.168.190.130;50245;P.;36
11:42:06.681222;BP-Linux8.ssh;192.168.190.130;50245;P.;36
11:42:06.711807;BP-Linux8.ssh;192.168.190.130;50245;P.;36
11:42:12.685733;BP-Linux8.ssh;192.168.190.130;50245;P.;36
11:42:12.689514;BP-Linux8.ssh;192.168.190.130;50245;P.;36
11:42:12.689769;BP-Linux8.ssh;192.168.190.130;50245;P.;36
11:42:32.865322;BP-Linux8.ssh;192.168.190.130;50374;P.;36
11:42:06.712173;BP-Linux8.ssh;192.168.190.130;50245;P.;68
11:42:12.689481;BP-Linux8.ssh;192.168.190.130;50245;P.;92
11:42:12.689741;BP-Linux8.ssh;192.168.190.130;50245;P.;100
11:42:13.688952;BP-Linux8.ssh;192.168.190.130;50245;P.;100
11:42:14.688957;BP-Linux8.ssh;192.168.190.130;50245;P.;100
11:42:15.688951;BP-Linux8.ssh;192.168.190.130;50245;P.;100
11:42:16.688978;BP-Linux8.ssh;192.168.190.130;50245;P.;100
11:42:17.688952;BP-Linux8.ssh;192.168.190.130;50245;P.;100
11:42:18.726941;BP-Linux8.ssh;192.168.190.130;50245;P.;100
11:42:19.726599;BP-Linux8.ssh;192.168.190.130;50245;P.;100
11:42:20.725665;BP-Linux8.ssh;192.168.190.130;50245;P.;100
11:42:21.724950;BP-Linux8.ssh;192.168.190.130;50245;P.;100
11:42:22.724929;BP-Linux8.ssh;192.168.190.130;50245;P.;100
11:42:23.724916;BP-Linux8.ssh;192.168.190.130;50245;P.;100
11:42:24.724918;BP-Linux8.ssh;192.168.190.130;50245;P.;100
11:42:25.724955;BP-Linux8.ssh;192.168.190.130;50245;P.;100
11:42:26.724955;BP-Linux8.ssh;192.168.190.130;50245;P.;100
11:42:27.724945;BP-Linux8.ssh;192.168.190.130;50245;P.;100
11:42:28.724935;BP-Linux8.ssh;192.168.190.130;50245;P.;100
11:42:29.724929;BP-Linux8.ssh;192.168.190.130;50245;P.;100
11:42:30.725673;BP-Linux8.ssh;192.168.190.130;50245;P.;100
11:42:31.725234;BP-Linux8.ssh;192.168.190.130;50245;P.;100
11:42:32.724947;BP-Linux8.ssh;192.168.190.130;50245;P.;100
11:42:33.724989;BP-Linux8.ssh;192.168.190.130;50245;P.;100
11:42:34.724946;BP-Linux8.ssh;192.168.190.130;50245;P.;100
11:42:35.724942;BP-Linux8.ssh;192.168.190.130;50245;P.;100
11:42:36.724971;BP-Linux8.ssh;192.168.190.130;50245;P.;100
11:42:37.724981;BP-Linux8.ssh;192.168.190.130;50245;P.;100
11:42:38.724946;BP-Linux8.ssh;192.168.190.130;50245;P.;100
11:42:39.724957;BP-Linux8.ssh;192.168.190.130;50245;P.;100
11:42:40.724957;BP-Linux8.ssh;192.168.190.130;50245;P.;100
11:42:41.724954;BP-Linux8.ssh;192.168.190.130;50245;P.;100
11:42:42.724963;BP-Linux8.ssh;192.168.190.130;50245;P.;100
11:42:43.724924;BP-Linux8.ssh;192.168.190.130;50245;P.;100
11:42:44.724950;BP-Linux8.ssh;192.168.190.130;50245;P.;100
11:42:45.724964;BP-Linux8.ssh;192.168.190.130;50245;P.;100
11:42:46.724940;BP-Linux8.ssh;192.168.190.130;50245;P.;100
11:42:47.724924;BP-Linux8.ssh;192.168.190.130;50245;P.;100
11:42:48.724909;BP-Linux8.ssh;192.168.190.130;50245;P.;100
11:42:49.724963;BP-Linux8.ssh;192.168.190.130;50245;P.;100
11:42:50.724966;BP-Linux8.ssh;192.168.190.130;50245;P.;100
11:42:51.724959;BP-Linux8.ssh;192.168.190.130;50245;P.;100
11:42:52.724969;BP-Linux8.ssh;192.168.190.130;50245;P.;100
11:42:53.724962;BP-Linux8.ssh;192.168.190.130;50245;P.;100
11:42:04.766656;BP-Linux8.ssh;192.168.190.130;50019;P.;108
11:42:04.766723;BP-Linux8.ssh;192.168.190.130;50019;P.;108
11:42:06.681188;BP-Linux8.ssh;192.168.190.130;50245;P.;116
11:42:11.425587;BP-Linux8.ssh;192.168.190.130;50245;P.;116
11:42:11.613471;BP-Linux8.ssh;192.168.190.130;50245;P.;220
11:42:53.869601;BP-Linux8.ssh;192.168.190.130;50245;P.;228
11:42:06.711903;BP-Linux8.ssh;192.168.190.130;50245;P.;360
